title;platform;genre;audience_score;critics_score;img
Lego Ninjago Dragons Rising;netflix;action;100;NA;https://resizing.flixster.com/aT1ngwU5IslhpVvNYqZh-mMzw9Q=/206x305/v2/https://resizing.flixster.com/-XZAfHZM39UwaGJIFWKAE8fS0ak=/v3/t/assets/p24653588_b_v8_aj.jpg
Heaven Official's Blessing;netflix;action;100;NA;https://resizing.flixster.com/XPq13_sBmEWuhQvix4zH9uSKw0c=/206x305/v2/https://resizing.flixster.com/-XZAfHZM39UwaGJIFWKAE8fS0ak=/v3/t/assets/p19058533_b_v8_aa.jpg
Oni: Thunder God's Tale;netflix;action;100;100;https://resizing.flixster.com/JNcXaKnAXbCla7dasgFSEvUjsJQ=/206x305/v2/https://resizing.flixster.com/tE62xXbtFpAXaynom-VQgdR5cJg=/ems.cHJkLWVtcy1hc3NldHMvdHZzZXJpZXMvNTkzZmYzZTQtNmEyOC00MDA1LWI1MDktY2MwODI1ZDA0NWVkLmpwZw==
Super Giant Robot Brothers;netflix;action;100;NA;https://resizing.flixster.com/sLl_38JswABmKrY7brELQrgC-W8=/206x305/v2/https://resizing.flixster.com/A89R0Vea3zQJUbNlZOYmrKJ_3Yk=/ems.cHJkLWVtcy1hc3NldHMvdHZzZXJpZXMvMzlkZjFjYTAtZDllYy00YmFhLThjN2UtZGQzNTUzZjBiNTkwLmpwZw==
Dogs in Space;netflix;action;100;NA;https://resizing.flixster.com/6jM0DFYm2j31vprzFP4cVAIgkjA=/206x305/v2/https://resizing.flixster.com/-XZAfHZM39UwaGJIFWKAE8fS0ak=/v3/t/assets/p20876274_b_v13_ao.jpg
Buddy Thunderstruck;netflix;action;100;NA;https://resizing.flixster.com/KO-PFmip7QrKKKIm9jK2QQxx078=/206x305/v2/https://resizing.flixster.com/7lncBYFV0ya6wNdbF3harzUmcWY=/ems.cHJkLWVtcy1hc3NldHMvdHZzZXJpZXMvUlRUVjI0ODQzMi53ZWJw
Heaven Official's Blessing;netflix;action;100;NA;https://resizing.flixster.com/f4SJ7XPfhl-4YApzClaKxeu7XzU=/206x305/v2/https://resizing.flixster.com/-XZAfHZM39UwaGJIFWKAE8fS0ak=/v3/t/assets/p19794388_b_v10_aa.jpg
Lost Song;netflix;action;100;NA;https://resizing.flixster.com/oSBJUObjJIFxuEq3W0urKwj3UkM=/206x305/v2/https://resizing.flixster.com/-XZAfHZM39UwaGJIFWKAE8fS0ak=/v3/t/assets/p15340720_b_v8_ab.jpg
Avatar: The Last Airbender;netflix;action;98;100;https://resizing.flixster.com/AOVscsV7du8kSRJdohU10cOKKmQ=/206x305/v2/https://resizing.flixster.com/-XZAfHZM39UwaGJIFWKAE8fS0ak=/v3/t/assets/p186109_b_v8_aa.jpg
Warrior Nun;netflix;action;97;84;https://resizing.flixster.com/W06wBqRsKqrm3cOsFm4jLErnxBI=/206x305/v2/https://resizing.flixster.com/T7KEayCyElta6MkY1fwfb665s0c=/ems.cHJkLWVtcy1hc3NldHMvdHZzZXJpZXMvZWNiZDAyZDEtMTc1Mi00NzIwLTlhOWItNjAzOWNlNjkzNGJiLmpwZw==
Scissor Seven;netflix;action;97;NA;https://resizing.flixster.com/cswdhM3TA_HjGWsKd_cqj-VUwoM=/206x305/v2/https://resizing.flixster.com/-XZAfHZM39UwaGJIFWKAE8fS0ak=/v3/t/assets/p17726300_b_v13_ad.jpg
Blue Eye Samurai;netflix;action;96;100;https://resizing.flixster.com/wd2-Wmi7i8GjR-9goZvEsIgbU2k=/206x305/v2/https://resizing.flixster.com/eIGDgGTAbtVm_PFc-_I_AdQnoyI=/ems.cHJkLWVtcy1hc3NldHMvdHZzZXJpZXMvYWIxYTAyYzItZWEwNy00YjM4LTkxODMtN2E4ZDE0ZmZmNWZkLmpwZw==
Band of Brothers;netflix;action;96;97;https://resizing.flixster.com/3Fo33c1KE2pE14tbmAaP4ZKHw-k=/206x305/v2/https://resizing.flixster.com/8PrK7bOcPTGabSGj7Js1I6EXUyw=/ems.cHJkLWVtcy1hc3NldHMvdHZzZXJpZXMvUlRUVjE1MjEzMC53ZWJw
One Piece;netflix;action;95;85;https://resizing.flixster.com/4t0eWeKQmbD5YR6nhYXc6rbGN1E=/206x305/v2/https://resizing.flixster.com/Lkm-qMULkWx7gVimFjIuf3QTvPY=/ems.cHJkLWVtcy1hc3NldHMvdHZzZXJpZXMvMzdmOTQ1MzYtNGQ0Yi00ZWRhLThiMWMtZTYwMDEwNzlkZGE4LmpwZw==
Cyberpunk: Edgerunners;netflix;action;95;100;https://resizing.flixster.com/KmN472UTNImhbmT6od2m1DCME1o=/206x305/v2/https://resizing.flixster.com/-XZAfHZM39UwaGJIFWKAE8fS0ak=/v3/t/assets/p22416085_b_v13_ac.jpg
Criminal Code;netflix;action;95;NA;https://resizing.flixster.com/9-CLBS1l8KZzPdoRQcesOXl_Y5U=/206x305/v2/https://resizing.flixster.com/-XZAfHZM39UwaGJIFWKAE8fS0ak=/v3/t/assets/p25925253_b_v13_aa.jpg
Arthdal Chronicles;netflix;action;95;NA;https://resizing.flixster.com/NKH22JC4rRcnJrJW5UBXsWFpTwU=/206x305/v2/https://resizing.flixster.com/-XZAfHZM39UwaGJIFWKAE8fS0ak=/v3/t/assets/p16971574_b_v10_aa.jpg
Carmen Sandiego;netflix;action;95;NA;https://resizing.flixster.com/iRWUaToIDCnxdmpbhZBOrIQnGe4=/206x305/v2/https://resizing.flixster.com/yeO-xznj7UJH80NuVxhypzOjbwk=/ems.cHJkLWVtcy1hc3NldHMvdHZzZXJpZXMvUlRUVjQwNTk1MS53ZWJw
Supa Team 4;netflix;action;95;NA;https://resizing.flixster.com/_eM2hLDovJqmHvXZmRM_Y_p2H8Y=/206x305/v2/https://resizing.flixster.com/BVe4898MvhcOK0UWfeRUvw-SbDs=/ems.cHJkLWVtcy1hc3NldHMvdHZzZXJpZXMvYWFhZTY2ZmMtODU0My00YjZlLWI2YmQtNjhiZTZjMDc3NjczLmpwZw==
Lockwood & Co.;netflix;action;94;93;https://resizing.flixster.com/PfB2PUtpiw0TrsjKSfPpw-u0nFQ=/206x305/v2/https://resizing.flixster.com/-XZAfHZM39UwaGJIFWKAE8fS0ak=/v3/t/assets/p23326688_b_v13_ab.jpg
Dorohedoro;netflix;action;94;100;https://resizing.flixster.com/tbw1DRNZnTM3aZV1OOi2xkRxFNI=/206x305/v2/https://resizing.flixster.com/-XZAfHZM39UwaGJIFWKAE8fS0ak=/v3/t/assets/p18243630_b_v8_aa.jpg
Justice League;netflix;action;94;95;https://resizing.flixster.com/LSZahJF1dbHxgC7DuHzKnIbMFxE=/206x305/v2/https://resizing.flixster.com/-XZAfHZM39UwaGJIFWKAE8fS0ak=/v3/t/assets/p252294_b_v8_as.jpg
Marco Polo;netflix;action;93;66;https://resizing.flixster.com/E34N8WtZBVLyng7hrQpdIHfa4NA=/206x305/v2/https://resizing.flixster.com/-XZAfHZM39UwaGJIFWKAE8fS0ak=/v3/t/assets/p10491859_b_v8_ad.jpg
Captain Laserhawk: A Blood Dragon Remix;netflix;action;93;89;https://resizing.flixster.com/U4pPSn8APNZaZbOE1XsepOSeHkc=/206x305/v2/https://resizing.flixster.com/-XZAfHZM39UwaGJIFWKAE8fS0ak=/v3/t/assets/p25740577_b_v8_ad.jpg
Sirius the Jaeger;netflix;action;93;NA;https://resizing.flixster.com/pePZTi_ETPfxUgUB4rMp2XHp52Q=/206x305/v2/https://resizing.flixster.com/-XZAfHZM39UwaGJIFWKAE8fS0ak=/v3/t/assets/p16291499_b_v13_ab.jpg
Paranormal;netflix;horror;96;NA;https://resizing.flixster.com/S5qgLWya-l2LM-bH65ufTdOYEaE=/206x305/v2/https://resizing.flixster.com/Cr2XSntB5y2KJqgzsCWizHpNmbY=/ems.cHJkLWVtcy1hc3NldHMvdHZzZXJpZXMvUlRUVjc3NDc1NC53ZWJw
Santa Clarita Diet;netflix;horror;93;89;https://resizing.flixster.com/YCOMBorVZ8KFgeLcR7r2jfXTJKc=/206x305/v2/https://resizing.flixster.com/-XZAfHZM39UwaGJIFWKAE8fS0ak=/v3/t/assets/p13554757_b_v13_ab.jpg
Kingdom;netflix;horror;92;98;https://resizing.flixster.com/lndOJLdTE6vfxpRUaoxb0nPv51o=/206x305/v2/https://resizing.flixster.com/-XZAfHZM39UwaGJIFWKAE8fS0ak=/v3/t/assets/p16296544_b_v13_ab.jpg
The Haunting of Hill House;netflix;horror;91;93;https://resizing.flixster.com/bVxs1thbGwGpxi_tEjZ5OmuePpA=/206x305/v2/https://resizing.flixster.com/WOjDNnNu43DoVhpFhDtoH8MyifM=/ems.cHJkLWVtcy1hc3NldHMvdHZzZXJpZXMvUlRUVjM0NTcyOC53ZWJw
Creature;netflix;horror;91;NA;https://resizing.flixster.com/cHdg4QlUoukmfT-g044SGAq98A4=/206x305/v2/https://resizing.flixster.com/_H5cIVKkQACFUBq5YBPjyNtygpY=/ems.cHJkLWVtcy1hc3NldHMvdHZzZXJpZXMvYjhlZTY1M2EtOGZkNS00ZmZkLTk2ZWQtM2E2MjljZmVjMzJjLmpwZw==
Stranger Things;netflix;horror;90;92;https://resizing.flixster.com/owMGZJBjDAX9_Wsq4zElf_hQPX8=/206x305/v2/https://resizing.flixster.com/-XZAfHZM39UwaGJIFWKAE8fS0ak=/v3/t/assets/p12991665_b_v13_am.jpg
Goosebumps;netflix;horror;90;NA;https://resizing.flixster.com/SASEylPlzeRZEE2UMcS_INcvrUs=/206x305/v2/https://resizing.flixster.com/-XZAfHZM39UwaGJIFWKAE8fS0ak=/v3/t/assets/p184162_b_v8_ad.jpg
Diablero;netflix;horror;89;NA;https://resizing.flixster.com/jp6KxpZVJRPrzY6PTgEonPaPEzY=/206x305/v2/https://resizing.flixster.com/-XZAfHZM39UwaGJIFWKAE8fS0ak=/v3/t/assets/p16112710_b_v10_aa.jpg
Marianne;netflix;horror;86;94;https://resizing.flixster.com/qTpAb7xfYhzWzuSjREBqWb4mkfk=/206x305/v2/https://resizing.flixster.com/QyuG_iRQytvCTIqaR5zjrR6vwIA=/ems.cHJkLWVtcy1hc3NldHMvdHZzZXJpZXMvUlRUVjU2MTk3My53ZWJw
The Truth Will Out;amazon_prime;mystery_and_thriller;100;NA;https://resizing.flixster.com/jUrSB8LZi-TnJy-irYB83FzR3hU=/206x305/v2/https://resizing.flixster.com/-XZAfHZM39UwaGJIFWKAE8fS0ak=/v3/t/assets/p15825940_b_v8_ai.jpg
The Rising;amazon_prime;mystery_and_thriller;100;NA;https://resizing.flixster.com/AwgLe4hlgwvzpMuzMkGM5Tv8CJY=/206x305/v2/https://resizing.flixster.com/-XZAfHZM39UwaGJIFWKAE8fS0ak=/v3/t/assets/p21672969_b_v10_ae.jpg
Bäckström;amazon_prime;mystery_and_thriller;100;NA;https://resizing.flixster.com/JnTPL6cvDjcP8ftUqHnLTUHNMg8=/206x305/v2/https://resizing.flixster.com/-XZAfHZM39UwaGJIFWKAE8fS0ak=/v3/t/assets/p18018314_b_v8_af.jpg
Gyeongseong Creature;netflix;horror;83;91;https://resizing.flixster.com/8MKpgfT1Z5YRM8U9hHkLqqa13-w=/206x305/v2/https://resizing.flixster.com/-XZAfHZM39UwaGJIFWKAE8fS0ak=/v3/t/assets/p24020353_b_v13_ad.jpg
Love, Death + Robots;netflix;horror;81;85;https://resizing.flixster.com/jTpbfuSatgjQi2MxDXzaMrUvVNI=/206x305/v2/https://resizing.flixster.com/77JxONhWZf0OHznUsn4B7-jB8SY=/ems.cHJkLWVtcy1hc3NldHMvdHZzZXJpZXMvUlRUVjQyNjAyOC53ZWJw
The Fall of the House of Usher;netflix;horror;80;90;https://resizing.flixster.com/flOI4-ZTsG7gEXRThQcO8X5QWjA=/206x305/v2/https://resizing.flixster.com/tCTi-vUUB6F6ECGpQcdPwXaoPJI=/ems.cHJkLWVtcy1hc3NldHMvdHZzZXJpZXMvYzM5ODBjOWItMDQyZi00OWI4LWE4ZmEtM2JiMjRkOTYwNDNlLmpwZw==
All of Us Are Dead;netflix;horror;80;89;https://resizing.flixster.com/ZzjEYAs-41OBcXIQtQs9N9M0mKc=/206x305/v2/https://resizing.flixster.com/-XZAfHZM39UwaGJIFWKAE8fS0ak=/v3/t/assets/p21368395_b_v9_ab.jpg
Ghoul;netflix;horror;80;88;https://resizing.flixster.com/IpDC1ejuwyc42jdKmbNzuDRik7U=/206x305/v2/https://resizing.flixster.com/K3yDRULA1biL79z4lI7DNuVmYZ8=/ems.cHJkLWVtcy1hc3NldHMvdHZzZXJpZXMvUlRUVjMxOTE3Mi53ZWJw
Midnight Mass;netflix;horror;79;87;https://resizing.flixster.com/X6T7lE97FHwht5agCFOeIsAlPTM=/206x305/v2/https://resizing.flixster.com/pdxyT6znP1Juc0UaB20T4uMm21E=/ems.cHJkLWVtcy1hc3NldHMvdHZzZXJpZXMvUlRUVjEwMTIyOTcud2VicA==
Crazyhead;netflix;horror;79;100;https://resizing.flixster.com/wlsCn9WOE4aPjUFqOdKdnPVK_3Q=/206x305/v2/https://resizing.flixster.com/-XZAfHZM39UwaGJIFWKAE8fS0ak=/v3/t/assets/p13372571_b_v8_ad.jpg
The Walking Dead;netflix;horror;78;79;https://resizing.flixster.com/yTxtFYb8WSv6rGGdVvP-zupbypE=/206x305/v2/https://resizing.flixster.com/-XZAfHZM39UwaGJIFWKAE8fS0ak=/v3/t/assets/p8282918_b_v13_bn.jpg
Ajin: Demi-Human;netflix;horror;78;NA;https://resizing.flixster.com/22yfVsIjCDanwcqCmzCNu2ON6cQ=/206x305/v2/https://resizing.flixster.com/igMbVF5D8tdkDmauURw6XiADoRY=/ems.cHJkLWVtcy1hc3NldHMvdHZzZXJpZXMvUlRUVjIwMTYxMy53ZWJw
Sanctuary;amazon_prime;mystery_and_thriller;100;NA;https://resizing.flixster.com/EV5hTGZFSvC9YGuliJZySU0e_kQ=/206x305/v2/https://resizing.flixster.com/-XZAfHZM39UwaGJIFWKAE8fS0ak=/v3/t/assets/p16871021_b_v13_ad.jpg
Psychic Kids;amazon_prime;mystery_and_thriller;100;NA;https://resizing.flixster.com/lwmAo5G_l7WWI6yXwg59rwtMRDM=/206x305/v2/https://resizing.flixster.com/-XZAfHZM39UwaGJIFWKAE8fS0ak=/v3/t/assets/p17144213_b_v10_aa.jpg
American Gothic;amazon_prime;mystery_and_thriller;100;63;https://resizing.flixster.com/6OvKIDGU2rgSKAS0P3KviXM0u30=/206x305/v2/https://resizing.flixster.com/-XZAfHZM39UwaGJIFWKAE8fS0ak=/v3/t/assets/p184074_b_v8_aa.jpg
New York Homicide;amazon_prime;mystery_and_thriller;100;NA;https://resizing.flixster.com/aj0_tUmEkWZsrxRMmaPGWcguHBA=/206x305/v2/https://resizing.flixster.com/-XZAfHZM39UwaGJIFWKAE8fS0ak=/v3/t/assets/p21226630_b_v12_ai.jpg
Moriarty the Patriot;amazon_prime;mystery_and_thriller;100;NA;https://resizing.flixster.com/bIPN3iQsR4tfX2ai9bSZ534ONGQ=/206x305/v2/https://resizing.flixster.com/nquXTUXghLE8SlcjYmwVjaFmJLM=/ems.cHJkLWVtcy1hc3NldHMvdHZzZXJpZXMvUlRUVjg1NTIwMS53ZWJw
Manhunt;amazon_prime;mystery_and_thriller;98;92;https://resizing.flixster.com/Jv0HGBr1s1qrBaSjtGHCdVCXIFE=/206x305/v2/https://resizing.flixster.com/-XZAfHZM39UwaGJIFWKAE8fS0ak=/v3/t/assets/p16367914_b_v13_ac.jpg
The Truth Will Out;amazon_prime;crime;100;NA;https://resizing.flixster.com/jUrSB8LZi-TnJy-irYB83FzR3hU=/206x305/v2/https://resizing.flixster.com/-XZAfHZM39UwaGJIFWKAE8fS0ak=/v3/t/assets/p15825940_b_v8_ai.jpg
Scott & Bailey;amazon_prime;crime;100;NA;https://resizing.flixster.com/1-Rm808WicBfw3XWcpTmo0Npacg=/206x305/v2/https://resizing.flixster.com/-XZAfHZM39UwaGJIFWKAE8fS0ak=/v3/t/assets/p8683464_b_v8_ao.jpg
The Rising;amazon_prime;crime;100;NA;https://resizing.flixster.com/AwgLe4hlgwvzpMuzMkGM5Tv8CJY=/206x305/v2/https://resizing.flixster.com/-XZAfHZM39UwaGJIFWKAE8fS0ak=/v3/t/assets/p21672969_b_v10_ae.jpg
Mai: A Mother's Rage;netflix;mystery_and_thriller;100;80;https://resizing.flixster.com/RW3i6ff6ac3W0Cv7V8dZBCLiq-A=/206x305/v2/https://resizing.flixster.com/gduZ7dYNQ4l8rRn5YdWx2txxg6Q=/ems.cHJkLWVtcy1hc3NldHMvdHZzZXJpZXMvNjY4ZjlhMzgtYzQ3NC00NmFmLWJkMDktN2VjNmFlNDJkYjI5LmpwZw==
The Nurse;netflix;crime;100;NA;https://resizing.flixster.com/cJRtmAKUf3Eq1Og88OJepUOzmP0=/206x305/v2/https://resizing.flixster.com/-XZAfHZM39UwaGJIFWKAE8fS0ak=/v3/t/assets/p24284780_b_v13_aa.jpg
Vampire in the Garden;netflix;horror;77;86;https://resizing.flixster.com/yXpfQT4ix2likTTfedqAdeiqHZY=/206x305/v2/https://resizing.flixster.com/sSc0vUfLp9bQFdmthqV3wQvGuJA=/ems.cHJkLWVtcy1hc3NldHMvdHZzZXJpZXMvMDEyYzI2ZWEtN2MwMS00MWUwLTllNmQtMjQxMzViMjIyZDVkLmpwZw==
Brand New Cherry Flavor;netflix;horror;76;76;https://resizing.flixster.com/GZCGkP1VqmyibHWlOJsbS_tdj-Q=/206x305/v2/https://resizing.flixster.com/o7rmnHHgacnuW_YU-ggNAwWz5nI=/ems.cHJkLWVtcy1hc3NldHMvdHZzZXJpZXMvUlRUVjk4NjY2OC53ZWJw
Akuma Kun;netflix;horror;76;100;https://resizing.flixster.com/3swhRhTHZXjDMsHbM8eTU32QgrY=/206x305/v2/https://resizing.flixster.com/-XZAfHZM39UwaGJIFWKAE8fS0ak=/v3/t/assets/p25347500_b_v8_ab.jpg
1899;netflix;horror;75;77;https://resizing.flixster.com/Sp_he1wVxq1DjGWKepU9dDpaE0g=/206x305/v2/https://resizing.flixster.com/vjp6GCi3rcyDlLV3nDLIHroN-78=/ems.cHJkLWVtcy1hc3NldHMvdHZzZXJpZXMvNDQ5M2UxN2QtZGZjNy00Y2Q2LTkzZDgtMTNiYmJmZGM0ZDFlLmpwZw==
Exception;netflix;horror;75;NA;https://resizing.flixster.com/8irPwGYhPoJJcD7vkL8UKZOL6o4=/206x305/v2/https://resizing.flixster.com/u7l3QEaQpaTA5Hxu2NZnZeMKMFs=/ems.cHJkLWVtcy1hc3NldHMvdHZzZXJpZXMvNDJkY2RkZjMtNDIzZS00OGQxLWI2MjYtMGIwYTAyYjJlYjQxLmpwZw==
Scooby-Doo! Mystery Incorporated;amazon_prime;mystery_and_thriller;98;NA;https://resizing.flixster.com/yYVo4OChRQO2Qmkd0a2vws_Ph3o=/206x305/v2/https://resizing.flixster.com/-XZAfHZM39UwaGJIFWKAE8fS0ak=/v3/t/assets/p8175225_b_v8_be.jpg
Artful Detective;amazon_prime;mystery_and_thriller;97;NA;https://resizing.flixster.com/fkUthNSAzXX9YyjFMJadMtfo73o=/206x305/v2/https://resizing.flixster.com/4S3brBN5haulc9OWeBE5gqSCiQ0=/ems.cHJkLWVtcy1hc3NldHMvdHZzZXJpZXMvUlRUVjg1NTE5My53ZWJw
Mike Tyson Mysteries;amazon_prime;mystery_and_thriller;97;NA;https://resizing.flixster.com/1QubWLCy_tZUv9Y5Zx73TQ7G_-w=/206x305/v2/https://resizing.flixster.com/XcQvDgXJFG5t3h-UwaHpf2xHJiI=/ems.cHJkLWVtcy1hc3NldHMvdHZzZXJpZXMvUlRUVjEzMjUwMC53ZWJw
Phrogging: Hider in My House;amazon_prime;crime;100;NA;https://resizing.flixster.com/sF_8KY8R01Zeq0p1_9REo1ZnPf4=/206x305/v2/https://resizing.flixster.com/-XZAfHZM39UwaGJIFWKAE8fS0ak=/v3/t/assets/p22406954_b_v13_aa.jpg
Ken and Barbie Killers: The Lost Murder Tapes;amazon_prime;crime;100;NA;https://resizing.flixster.com/S1GI8C493s-7ajab9ioU9rzxxcQ=/206x305/v2/https://resizing.flixster.com/-XZAfHZM39UwaGJIFWKAE8fS0ak=/v3/t/assets/p20968665_b_v13_aa.jpg
CAT;netflix;mystery_and_thriller;100;NA;https://resizing.flixster.com/9GGSJpNEwxN_wSrVh_BXYLr-KrE=/206x305/v2/https://resizing.flixster.com/-XZAfHZM39UwaGJIFWKAE8fS0ak=/v3/t/assets/p23477234_b_v8_aa.jpg
Mystic Pop-Up Bar;netflix;mystery_and_thriller;100;NA;https://resizing.flixster.com/GX9RLDFc3qc0vyN2P2srNRW1kOI=/206x305/v2/https://resizing.flixster.com/-XZAfHZM39UwaGJIFWKAE8fS0ak=/v3/t/assets/p18276437_b_v10_aa.jpg
The Billion Dollar Code;netflix;mystery_and_thriller;98;NA;https://resizing.flixster.com/kh-EADyuxPg42oqNf3QCB00BPuA=/206x305/v2/https://resizing.flixster.com/xDoZLTz2hxB_k4HNgNWHL-GrRBs=/ems.cHJkLWVtcy1hc3NldHMvdHZzZXJpZXMvZDlmMDA5YWYtODU1NS00ODYyLWJhMDMtOGY3NzFlZTliODhlLmpwZw==
Scooby-Doo! Mystery Incorporated;netflix;mystery_and_thriller;98;NA;https://resizing.flixster.com/yYVo4OChRQO2Qmkd0a2vws_Ph3o=/206x305/v2/https://resizing.flixster.com/-XZAfHZM39UwaGJIFWKAE8fS0ak=/v3/t/assets/p8175225_b_v8_be.jpg
The Mire;netflix;mystery_and_thriller;97;NA;https://resizing.flixster.com/MEpSptccAHkvtIYytc2PGvvdvv0=/206x305/v2/https://resizing.flixster.com/-XZAfHZM39UwaGJIFWKAE8fS0ak=/v3/t/assets/p18134571_b_v10_aa.jpg
Trial by Fire;netflix;crime;100;100;https://resizing.flixster.com/a8KY9RXqjbW0F2DEU-ItZCxdX6U=/206x305/v2/https://resizing.flixster.com/-XZAfHZM39UwaGJIFWKAE8fS0ak=/v3/t/assets/p23663050_b_v8_aa.jpg
CAT;netflix;crime;100;NA;https://resizing.flixster.com/9GGSJpNEwxN_wSrVh_BXYLr-KrE=/206x305/v2/https://resizing.flixster.com/-XZAfHZM39UwaGJIFWKAE8fS0ak=/v3/t/assets/p23477234_b_v8_aa.jpg
Scoop;netflix;crime;100;77;https://resizing.flixster.com/t4mBZWEVJnRUNnTOzJm_Zla5eYc=/206x305/v2/https://resizing.flixster.com/KnqVBOnl5QvgkssX-y0FctLgVk8=/ems.cHJkLWVtcy1hc3NldHMvdHZzZXJpZXMvNWM4MWEzYjUtMjU5ZC00OGVjLWJiNzktZThkYjA5ZWQ4ZjE3LmpwZw==
Typewriter;netflix;horror;75;67;https://resizing.flixster.com/bgvhHfO4sBxO58aBJVAZ2Vx5GjI=/206x305/v2/https://resizing.flixster.com/FRUCnXNK1vKceJx5S0ieYgF9v4U=/ems.cHJkLWVtcy1hc3NldHMvdHZzZXJpZXMvUlRUVjUzMTU3NC53ZWJw
Archive 81;netflix;horror;74;87;https://resizing.flixster.com/u7S6nM4W0FwWNN2lGc7O1YUm1_E=/206x305/v2/https://resizing.flixster.com/Ig6f1iBcAbdB6qlLZQcLHTjf1Y4=/ems.cHJkLWVtcy1hc3NldHMvdHZzZXJpZXMvNWQ3MDBiOGMtNDJiYy00YzQyLWI0MzQtZjJjNjJlYTdjMTM5LmpwZw==
The Girl in the Mirror;netflix;horror;74;NA;https://resizing.flixster.com/TyuOm0ru2k25nvddmYbpCRlA53o=/206x305/v2/https://resizing.flixster.com/-XZAfHZM39UwaGJIFWKAE8fS0ak=/v3/t/assets/p22511228_b_v13_ab.jpg
JU-ON: Origins;netflix;horror;74;85;https://resizing.flixster.com/EPJMA4-ZyvG4a2eTOiGH94gS6TE=/206x305/v2/https://resizing.flixster.com/-XZAfHZM39UwaGJIFWKAE8fS0ak=/v3/t/assets/p18322633_b_v10_aa.jpg
What's New Scooby-Doo?;amazon_prime;mystery_and_thriller;97;NA;https://resizing.flixster.com/-43tXaH2XQrSyA39-ehWSXuIggU=/206x305/v2/https://resizing.flixster.com/-XZAfHZM39UwaGJIFWKAE8fS0ak=/v3/t/assets/p186155_b_v13_bc.jpg
House;amazon_prime;mystery_and_thriller;96;90;https://resizing.flixster.com/RHOJgQTzmnKdUC33FsgweM0Ed6E=/206x305/v2/https://resizing.flixster.com/-XZAfHZM39UwaGJIFWKAE8fS0ak=/v3/t/assets/p185044_b_v8_ab.jpg
Death Note;amazon_prime;mystery_and_thriller;96;100;https://resizing.flixster.com/uyZuPsWLMnHBgTMItb_dlFeXACI=/206x305/v2/https://resizing.flixster.com/-XZAfHZM39UwaGJIFWKAE8fS0ak=/v3/t/assets/p225665_b_v8_ab.jpg
The Twilight Zone;amazon_prime;mystery_and_thriller;96;92;https://resizing.flixster.com/eWe2pVSjMymP-cQdHiFNlY0jkX8=/206x305/v2/https://resizing.flixster.com/-XZAfHZM39UwaGJIFWKAE8fS0ak=/v3/t/assets/p183869_b_v8_ac.jpg
"Steins;Gate";amazon_prime;mystery_and_thriller;96;100;https://resizing.flixster.com/Dbvd-lowK28RbuHIo32Zakt0rak=/206x305/v2/https://resizing.flixster.com/-XZAfHZM39UwaGJIFWKAE8fS0ak=/v3/t/assets/p10853751_b_v8_ab.jpg
The InBetween;amazon_prime;mystery_and_thriller;96;67;https://resizing.flixster.com/bzXNph-4pNZFVeBAJAr3KwQdehw=/206x305/v2/https://resizing.flixster.com/-XZAfHZM39UwaGJIFWKAE8fS0ak=/v3/t/assets/p15516854_b_v13_ab.jpg
The Oath;amazon_prime;crime;100;NA;https://resizing.flixster.com/sEkhBDlUDk2480wgQpz00O89K1A=/206x305/v2/https://resizing.flixster.com/dAShKCa1PqNlUCKlc5BS24dwHY4=/ems.cHJkLWVtcy1hc3NldHMvdHZzZXJpZXMvUlRUVjI3NjY1Ny53ZWJw
The Black Donnellys;amazon_prime;crime;100;40;https://resizing.flixster.com/ncYIWKqo5mmKsil_FlmJx4H4QHA=/206x305/v2/https://resizing.flixster.com/-XZAfHZM39UwaGJIFWKAE8fS0ak=/v3/t/assets/p185205_b_v8_aa.jpg
Alien Nation;amazon_prime;crime;100;43;https://resizing.flixster.com/GqpABfCLnE60QUyJdRRj6N7n7t8=/206x305/v2/https://resizing.flixster.com/-XZAfHZM39UwaGJIFWKAE8fS0ak=/v3/t/assets/p183945_b_v8_aa.jpg
New York Homicide;amazon_prime;crime;100;NA;https://resizing.flixster.com/aj0_tUmEkWZsrxRMmaPGWcguHBA=/206x305/v2/https://resizing.flixster.com/-XZAfHZM39UwaGJIFWKAE8fS0ak=/v3/t/assets/p21226630_b_v12_ai.jpg
Surviving the Cartel;amazon_prime;crime;100;NA;https://resizing.flixster.com/-uSY6cW8Mj3JEWBy10K5cUgutAc=/206x305/v2/https://resizing.flixster.com/-XZAfHZM39UwaGJIFWKAE8fS0ak=/v3/t/assets/p22240588_b_v13_aa.jpg
Open Your Eyes;netflix;mystery_and_thriller;97;NA;https://resizing.flixster.com/mXj4AbyZa4-G25S7EScmUa77Z0Q=/206x305/v2/https://resizing.flixster.com/-XZAfHZM39UwaGJIFWKAE8fS0ak=/v3/t/assets/p20450193_b_v13_aa.jpg
V Wars;netflix;mystery_and_thriller;96;60;https://resizing.flixster.com/bpybr-0scs07cuaiLZhNhvL4pnI=/206x305/v2/https://resizing.flixster.com/9AqID2erIZiTFQhUUtME9-5HKNE=/ems.cHJkLWVtcy1hc3NldHMvdHZzZXJpZXMvUlRUVjYxNTgyNC53ZWJw
Mindhunter;netflix;mystery_and_thriller;95;97;https://resizing.flixster.com/FRpY2tCqkZ1PL2ajgveX-h2aiD0=/206x305/v2/https://resizing.flixster.com/-XZAfHZM39UwaGJIFWKAE8fS0ak=/v3/t/assets/p14413981_b_v8_ab.jpg
Vis a Vis;netflix;mystery_and_thriller;95;NA;https://resizing.flixster.com/QmJz-9DBTyND5FHrj5N4NeU1O6U=/206x305/v2/https://resizing.flixster.com/-XZAfHZM39UwaGJIFWKAE8fS0ak=/v3/t/assets/p11690891_b_v8_ab.jpg
Pluto;netflix;mystery_and_thriller;94;100;https://resizing.flixster.com/8calhngeAJZOPfvSFfLeHjfGrzU=/206x305/v2/https://resizing.flixster.com/WbMVIapZ0xGSCA0bjm5nukQi3QE=/ems.cHJkLWVtcy1hc3NldHMvdHZzZXJpZXMvMTRhNzFlMmQtZTNlMi00M2MyLWFkZGItMWFjNWZiMmVmYjc4LmpwZw==
Dark;netflix;mystery_and_thriller;94;95;https://resizing.flixster.com/sma_YTWplysTdNArnwo1gjJvZQk=/206x305/v2/https://resizing.flixster.com/lpJkDxnEFNQT1OWJjnmYfvpAHJ0=/ems.cHJkLWVtcy1hc3NldHMvdHZzZXJpZXMvUlRUVjI2NjgyOS53ZWJw
The Glory;netflix;mystery_and_thriller;94;80;https://resizing.flixster.com/UkLOZ6oeb1Gxag6_6mT9K5QMxO4=/206x305/v2/https://resizing.flixster.com/-XZAfHZM39UwaGJIFWKAE8fS0ak=/v3/t/assets/p23467879_b_v4_ac.jpg
Jailbirds New Orleans;netflix;crime;100;NA;https://resizing.flixster.com/u0bY9RVAC8p9sYbsHNJJTfxKQkY=/206x305/v2/https://resizing.flixster.com/qlug2SUugh3wiQQrJN9WAhlERss=/ems.cHJkLWVtcy1hc3NldHMvdHZzZXJpZXMvNmRhN2Y4ZjAtMWEwYi00MWQ0LThlYmMtN2UwNWI2M2ZkNDA0LmpwZw==
Ultraviolet;netflix;crime;99;NA;https://resizing.flixster.com/0FLKfamrpOG3LOVGUr5hfmTLJvU=/206x305/v2/https://resizing.flixster.com/-XZAfHZM39UwaGJIFWKAE8fS0ak=/v3/t/assets/p15772849_b_v8_ac.jpg
Breaking Bad;netflix;crime;97;96;https://resizing.flixster.com/aFlnGpyD8kDQFfHsjleVKHSm4qY=/206x305/v2/https://resizing.flixster.com/-XZAfHZM39UwaGJIFWKAE8fS0ak=/v3/t/assets/p185846_b_v8_ad.jpg
The Mire;netflix;crime;97;NA;https://resizing.flixster.com/MEpSptccAHkvtIYytc2PGvvdvv0=/206x305/v2/https://resizing.flixster.com/-XZAfHZM39UwaGJIFWKAE8fS0ak=/v3/t/assets/p18134571_b_v10_aa.jpg
The Green Glove Gang;netflix;crime;97;NA;https://resizing.flixster.com/DV53naXMUw_AfIanApQKjVgplBQ=/206x305/v2/https://resizing.flixster.com/-XZAfHZM39UwaGJIFWKAE8fS0ak=/v3/t/assets/p23037140_b_v9_aa.jpg
Teenage Bounty Hunters;netflix;crime;96;94;https://resizing.flixster.com/Q0EA7yCxhS-ipOBu3dYqnUaX-8M=/206x305/v2/https://resizing.flixster.com/cWfz-jy86LV4SuMm7zlf2xQm1Gs=/ems.cHJkLWVtcy1hc3NldHMvdHZzZXJpZXMvUlRUVjczNDcyOC53ZWJw
Narcos;netflix;crime;95;89;https://resizing.flixster.com/USLPHXwTrs0W7_17nHpSwaStQhc=/206x305/v2/https://resizing.flixster.com/-XZAfHZM39UwaGJIFWKAE8fS0ak=/v3/t/assets/p11993086_b_v12_af.jpg
The Dead Lands;amazon_prime;horror;100;NA;https://resizing.flixster.com/Znd4H5joKgM3Pb-vhxkalnSKg5c=/206x305/v2/https://resizing.flixster.com/-XZAfHZM39UwaGJIFWKAE8fS0ak=/v3/t/assets/p17857661_b_v13_ab.jpg
In the Flesh;amazon_prime;horror;97;97;https://resizing.flixster.com/VxGNzKoy9R7PDDQHEPjkVwRwyxk=/206x305/v2/https://resizing.flixster.com/-XZAfHZM39UwaGJIFWKAE8fS0ak=/v3/t/assets/p9824275_b_v13_af.jpg
Romancero;amazon_prime;horror;95;NA;https://resizing.flixster.com/1BWFP55L6sfeu6SlU18iDd-YLhs=/206x305/v2/https://resizing.flixster.com/-XZAfHZM39UwaGJIFWKAE8fS0ak=/v3/t/assets/p25848111_b_v13_ab.jpg
Ash vs Evil Dead;amazon_prime;horror;95;99;https://resizing.flixster.com/dH2xm1Sh59mB-xykHLy6kxioppM=/206x305/v2/https://resizing.flixster.com/-XZAfHZM39UwaGJIFWKAE8fS0ak=/v3/t/assets/p12062724_b_v13_aa.jpg
The Boulet Brothers' Dragula;amazon_prime;horror;95;NA;https://resizing.flixster.com/f7lJbK16LJWtojM1Qi1GHB_mLUo=/206x305/v2/https://resizing.flixster.com/-XZAfHZM39UwaGJIFWKAE8fS0ak=/v3/t/assets/p14519968_b_v13_ae.jpg
Ugly Americans;amazon_prime;horror;94;67;https://resizing.flixster.com/nAQYI2udGq-1JwZPI9iQ7pink_E=/206x305/v2/https://resizing.flixster.com/-XZAfHZM39UwaGJIFWKAE8fS0ak=/v3/t/assets/p8007047_b_v8_aa.jpg
What We Do in the Shadows;amazon_prime;horror;92;97;https://resizing.flixster.com/JqFgEIyTSn9bJmb60BU6P2-rmAE=/206x305/v2/https://resizing.flixster.com/-XZAfHZM39UwaGJIFWKAE8fS0ak=/v3/t/assets/p15501789_b_v13_ar.jpg
Dark/Web;amazon_prime;horror;92;NA;https://resizing.flixster.com/zdf5ZymKlD6y_PkIlU8ME6_J0cc=/206x305/v2/https://resizing.flixster.com/-XZAfHZM39UwaGJIFWKAE8fS0ak=/v3/t/assets/p17183192_b_v10_aa.jpg
Buffy the Vampire Slayer;amazon_prime;horror;92;85;https://resizing.flixster.com/dWkUqR1CPeBcUK2rQxO1riqs4nw=/206x305/v2/https://resizing.flixster.com/-XZAfHZM39UwaGJIFWKAE8fS0ak=/v3/t/assets/p184321_b_v13_bp.jpg
Siberia;amazon_prime;horror;92;55;https://resizing.flixster.com/DvRR16OrglsoNoSnqMKXQ5TSrU4=/206x305/v2/https://resizing.flixster.com/-XZAfHZM39UwaGJIFWKAE8fS0ak=/v3/t/assets/p9987185_b_v8_ac.jpg
The Haunting of Hill House;amazon_prime;horror;91;93;https://resizing.flixster.com/bVxs1thbGwGpxi_tEjZ5OmuePpA=/206x305/v2/https://resizing.flixster.com/WOjDNnNu43DoVhpFhDtoH8MyifM=/ems.cHJkLWVtcy1hc3NldHMvdHZzZXJpZXMvUlRUVjM0NTcyOC53ZWJw
Heaven Official's Blessing;amazon_prime;action;100;NA;https://resizing.flixster.com/XPq13_sBmEWuhQvix4zH9uSKw0c=/206x305/v2/https://resizing.flixster.com/-XZAfHZM39UwaGJIFWKAE8fS0ak=/v3/t/assets/p19058533_b_v8_aa.jpg
LEGO Monkie Kid;amazon_prime;action;100;NA;https://resizing.flixster.com/uvj0hZuikgK9wyNaB6pa47vLgzs=/206x305/v2/https://resizing.flixster.com/-XZAfHZM39UwaGJIFWKAE8fS0ak=/v3/t/assets/p19642889_b_v10_ac.jpg
One Punch Man;amazon_prime;action;100;NA;https://resizing.flixster.com/99mOwQz8B3dOGOxuczyRvpFOPn0=/206x305/v2/https://resizing.flixster.com/-XZAfHZM39UwaGJIFWKAE8fS0ak=/v3/t/assets/p13132769_b_v8_ag.jpg
The Adventures of Brisco County, Jr.;amazon_prime;action;100;92;https://resizing.flixster.com/v1WRQQtWhuEDJD3hlFFKe-QkFUA=/206x305/v2/https://resizing.flixster.com/-XZAfHZM39UwaGJIFWKAE8fS0ak=/v3/t/assets/p183963_b_v10_ac.jpg
The Black Donnellys;amazon_prime;action;100;40;https://resizing.flixster.com/ncYIWKqo5mmKsil_FlmJx4H4QHA=/206x305/v2/https://resizing.flixster.com/-XZAfHZM39UwaGJIFWKAE8fS0ak=/v3/t/assets/p185205_b_v8_aa.jpg
The Dead Lands;amazon_prime;action;100;NA;https://resizing.flixster.com/Znd4H5joKgM3Pb-vhxkalnSKg5c=/206x305/v2/https://resizing.flixster.com/-XZAfHZM39UwaGJIFWKAE8fS0ak=/v3/t/assets/p17857661_b_v13_ab.jpg
Thundercats;amazon_prime;action;100;NA;https://resizing.flixster.com/eX3zLGT3ZsSyi8Gnp_ClJvNA8t0=/206x305/v2/https://resizing.flixster.com/-XZAfHZM39UwaGJIFWKAE8fS0ak=/v3/t/assets/p8741858_b_v8_aa.jpg
Cabinet of Curiosities;netflix;horror;72;93;https://resizing.flixster.com/Hm26VoIjCo7mUroJECTExdx2PcQ=/206x305/v2/https://resizing.flixster.com/roluxihKzjj6vRYBIlY_SehifZQ=/ems.cHJkLWVtcy1hc3NldHMvdHZzZXJpZXMvOWJmNmI4OWQtYjJiNC00OGY1LTgyNWQtMTI5MmZhNTNhMDc5LmpwZw==
Happy Valley;amazon_prime;mystery_and_thriller;95;98;https://resizing.flixster.com/wxOhHjSl7i3qJBNYUI8DxdDCmhk=/206x305/v2/https://resizing.flixster.com/-XZAfHZM39UwaGJIFWKAE8fS0ak=/v3/t/assets/p10714895_b_v13_as.jpg
River;amazon_prime;mystery_and_thriller;95;100;https://resizing.flixster.com/WXJxXDHRvdL1ZAB_jxC9sj9mSpA=/206x305/v2/https://resizing.flixster.com/-XZAfHZM39UwaGJIFWKAE8fS0ak=/v3/t/assets/p12189570_b_v8_ac.jpg
Moriarty the Patriot;amazon_prime;crime;100;NA;https://resizing.flixster.com/bIPN3iQsR4tfX2ai9bSZ534ONGQ=/206x305/v2/https://resizing.flixster.com/nquXTUXghLE8SlcjYmwVjaFmJLM=/ems.cHJkLWVtcy1hc3NldHMvdHZzZXJpZXMvUlRUVjg1NTIwMS53ZWJw
The Unusuals;amazon_prime;crime;100;72;https://resizing.flixster.com/q_uA--tc5mJc4Ed18GIbH-uAOx4=/206x305/v2/https://resizing.flixster.com/-XZAfHZM39UwaGJIFWKAE8fS0ak=/v3/t/assets/p188603_b_v8_ab.jpg
The Queen's Gambit;netflix;mystery_and_thriller;94;96;https://resizing.flixster.com/f_UfTzNv7MQq_7YZtm3DIP8unzg=/206x305/v2/https://resizing.flixster.com/FaDFRcsUpfgU2dYzjohQeu1tP_E=/ems.cHJkLWVtcy1hc3NldHMvdHZzZXJpZXMvUlRUVjc2NDUyMS53ZWJw
Green Frontier;netflix;mystery_and_thriller;94;100;https://resizing.flixster.com/rNO9Er3WUWu6jAWhcpxuyCJJWWg=/206x305/v2/https://resizing.flixster.com/ZOGeQ9U08RC08mxCI4m7ViEqhPs=/ems.cHJkLWVtcy1hc3NldHMvdHZzZXJpZXMvUlRUVjU0NjMxNy53ZWJw
Maestro in Blue;netflix;mystery_and_thriller;93;NA;https://resizing.flixster.com/kcWIe7JO8M6yWpcyHZNbeZBIN5k=/206x305/v2/https://resizing.flixster.com/SopyWFXPUXepWDRQvfNoQh7qn-w=/ems.cHJkLWVtcy1hc3NldHMvdHZzZXJpZXMvZTI4ODE0YjAtYzFiMS00Njk4LWJiM2UtNTFjZTM4MTU2ODk0LmpwZw==
Okkupert;netflix;mystery_and_thriller;92;NA;https://resizing.flixster.com/e5wffXlCgti51kwJQ_an-bhm53g=/206x305/v2/https://resizing.flixster.com/-XZAfHZM39UwaGJIFWKAE8fS0ak=/v3/t/assets/p12152599_b_v8_al.jpg
Café Minamdang;netflix;mystery_and_thriller;92;NA;https://resizing.flixster.com/3FcBDnIZmcsFX3g3NqQVHa8WD3I=/206x305/v2/https://resizing.flixster.com/-XZAfHZM39UwaGJIFWKAE8fS0ak=/v3/t/assets/p22266924_b_v10_ai.jpg
The Great Heist;netflix;mystery_and_thriller;92;67;https://resizing.flixster.com/PKDB6MEjAjOfKfxPku71F1oBLXo=/206x305/v2/https://resizing.flixster.com/efA-CVfakrFa1vhISNffi_rqgbs=/ems.cHJkLWVtcy1hc3NldHMvdHZzZXJpZXMvUlRUVjczMzk2MS53ZWJw
Light the Night;netflix;mystery_and_thriller;92;NA;https://resizing.flixster.com/SDk9KnH-N4wX_G_XZfCX_EQsErE=/206x305/v2/https://resizing.flixster.com/-XZAfHZM39UwaGJIFWKAE8fS0ak=/v3/t/assets/p20885625_b_v13_ac.jpg
My Name;netflix;mystery_and_thriller;91;100;https://resizing.flixster.com/XcHr1yPOG4so_Ztp40TEw45ex78=/206x305/v2/https://resizing.flixster.com/Cr_GWT7D-LCJt0_tLMFCTAPWWH8=/ems.cHJkLWVtcy1hc3NldHMvdHZzZXJpZXMvMGI3NGVlZmQtZWIxNS00ZWRhLTk1Y2QtMDM1YjU1NzM2NzNiLmpwZw==
The Bequeathed;netflix;mystery_and_thriller;91;80;https://resizing.flixster.com/j1bpn0mJbHqyQMJdfqd6Ueej1bg=/206x305/v2/https://resizing.flixster.com/-XZAfHZM39UwaGJIFWKAE8fS0ak=/v3/t/assets/p26386940_b_v13_aa.jpg
Babylon Berlin;netflix;mystery_and_thriller;91;NA;https://resizing.flixster.com/vswrOlh0OUYTSBX0l6UgyxYkpOA=/206x305/v2/https://resizing.flixster.com/-XZAfHZM39UwaGJIFWKAE8fS0ak=/v3/t/assets/p14585508_b_v8_aa.jpg
Bloodhounds;netflix;mystery_and_thriller;91;88;https://resizing.flixster.com/epKEEwTLKdPcWdWXndLB84rbdUk=/206x305/v2/https://resizing.flixster.com/-XZAfHZM39UwaGJIFWKAE8fS0ak=/v3/t/assets/p24811642_b_v9_aa.jpg
Mindhunter;netflix;crime;95;97;https://resizing.flixster.com/FRpY2tCqkZ1PL2ajgveX-h2aiD0=/206x305/v2/https://resizing.flixster.com/-XZAfHZM39UwaGJIFWKAE8fS0ak=/v3/t/assets/p14413981_b_v8_ab.jpg
Criminal Code;netflix;crime;95;NA;https://resizing.flixster.com/9-CLBS1l8KZzPdoRQcesOXl_Y5U=/206x305/v2/https://resizing.flixster.com/-XZAfHZM39UwaGJIFWKAE8fS0ak=/v3/t/assets/p25925253_b_v13_aa.jpg
The Pharmacist;netflix;crime;95;90;https://resizing.flixster.com/tU_iAj3tFFBfG37aYHoPpPBUCZ4=/206x305/v2/https://resizing.flixster.com/PBZxQjhmva0lpkF304KWWrOMcAs=/ems.cHJkLWVtcy1hc3NldHMvdHZzZXJpZXMvUlRUVjY1MTgzMC53ZWJw
Wentworth Prison;netflix;crime;95;NA;https://resizing.flixster.com/44lrI7D4mJZ1Q7129ORg2iicvGs=/206x305/v2/https://resizing.flixster.com/-XZAfHZM39UwaGJIFWKAE8fS0ak=/v3/t/assets/p10154266_b_v8_as.jpg
Making a Murderer;netflix;crime;95;84;https://resizing.flixster.com/k841MdLFZ5YuUg1SaiTrAJXIu4I=/206x305/v2/https://resizing.flixster.com/8x0p2L5pWVqicYoa1yKwjkq6raI=/ems.cHJkLWVtcy1hc3NldHMvdHZzZXJpZXMvUlRUVjE3NzM5NS53ZWJw
Vis a Vis;netflix;crime;95;NA;https://resizing.flixster.com/QmJz-9DBTyND5FHrj5N4NeU1O6U=/206x305/v2/https://resizing.flixster.com/-XZAfHZM39UwaGJIFWKAE8fS0ak=/v3/t/assets/p11690891_b_v8_ab.jpg
Carmen Sandiego;netflix;crime;95;NA;https://resizing.flixster.com/iRWUaToIDCnxdmpbhZBOrIQnGe4=/206x305/v2/https://resizing.flixster.com/yeO-xznj7UJH80NuVxhypzOjbwk=/ems.cHJkLWVtcy1hc3NldHMvdHZzZXJpZXMvUlRUVjQwNTk1MS53ZWJw
Dark;netflix;crime;94;95;https://resizing.flixster.com/sma_YTWplysTdNArnwo1gjJvZQk=/206x305/v2/https://resizing.flixster.com/lpJkDxnEFNQT1OWJjnmYfvpAHJ0=/ems.cHJkLWVtcy1hc3NldHMvdHZzZXJpZXMvUlRUVjI2NjgyOS53ZWJw
The Keepers;netflix;crime;94;97;https://resizing.flixster.com/AZISfI-IoKqX8KT1fEcrQGK9NdU=/206x305/v2/https://resizing.flixster.com/tFoYbqlksb4znNBnG3Celln-BBE=/ems.cHJkLWVtcy1hc3NldHMvdHZzZXJpZXMvUlRUVjI1MjYzMi53ZWJw
The Exorcist;amazon_prime;horror;91;89;https://resizing.flixster.com/LsZow5FyoEsA8eP0Jcjbz6ARlcs=/206x305/v2/https://resizing.flixster.com/-XZAfHZM39UwaGJIFWKAE8fS0ak=/v3/t/assets/p12900523_b_v8_ag.jpg
The Returned;amazon_prime;horror;91;97;https://resizing.flixster.com/g2f6CQhZOB3795_mM99FNcSKq6M=/206x305/v2/https://resizing.flixster.com/-XZAfHZM39UwaGJIFWKAE8fS0ak=/v3/t/assets/p10006851_b_v8_au.jpg
Bates Motel;amazon_prime;horror;91;93;https://resizing.flixster.com/JjOTYzLPeM8tu5NTeE7-dHA0jFM=/206x305/v2/https://resizing.flixster.com/C42pGLJL1Jmt-2M-cQonVu2aobg=/ems.cHJkLWVtcy1hc3NldHMvdHZzZXJpZXMvUlRUVjIwMTk3MS53ZWJw
Parasyte: The Maxim;amazon_prime;horror;91;NA;https://resizing.flixster.com/TTNdkWVhjG0jSWt9UW3fBdzycQg=/206x305/v2/https://resizing.flixster.com/-XZAfHZM39UwaGJIFWKAE8fS0ak=/v3/t/assets/p12154184_b_v8_ab.jpg
Jujutsu Kaisen;amazon_prime;horror;90;NA;https://resizing.flixster.com/FtfMB8t5ntDMV3oW8wvg-xjY3-A=/206x305/v2/https://resizing.flixster.com/s3rsf5qQ8Z41R2plMiRI6vTSLJg=/ems.cHJkLWVtcy1hc3NldHMvdHZzZXJpZXMvUlRUVjkwMjAzOS53ZWJw
Penny Dreadful;amazon_prime;horror;90;91;https://resizing.flixster.com/dJY5jTymcSscAErSOKDGy3r6Si0=/206x305/v2/https://resizing.flixster.com/-XZAfHZM39UwaGJIFWKAE8fS0ak=/v3/t/assets/p9707417_b_v8_ac.jpg
Grimm;amazon_prime;horror;90;89;https://resizing.flixster.com/fQZvHBXqlMyoHMSW4HiEuazQ9C8=/206x305/v2/https://resizing.flixster.com/-XZAfHZM39UwaGJIFWKAE8fS0ak=/v3/t/assets/p8677098_b_v8_al.jpg
Stan Against Evil;amazon_prime;horror;90;NA;https://resizing.flixster.com/Z9s-kjg0AH9BPOqpFF6AQliAhjc=/206x305/v2/https://resizing.flixster.com/-XZAfHZM39UwaGJIFWKAE8fS0ak=/v3/t/assets/p13143367_b_v13_ad.jpg
Goosebumps;amazon_prime;horror;90;NA;https://resizing.flixster.com/SASEylPlzeRZEE2UMcS_INcvrUs=/206x305/v2/https://resizing.flixster.com/-XZAfHZM39UwaGJIFWKAE8fS0ak=/v3/t/assets/p184162_b_v8_ad.jpg
The Last of Us;amazon_prime;horror;89;96;https://resizing.flixster.com/T-YbkLxt3WvVPB2ZLnHUT8nYb68=/206x305/v2/https://resizing.flixster.com/2TwYzc7hklVW2s4fN1ypuyYWMj0=/ems.cHJkLWVtcy1hc3NldHMvdHZzZXJpZXMvYjBiZTZiODMtODQ1OC00MDY3LTkzNTItZjZlMzQ5ZGM1MzEwLmpwZw==
Space Dandy;amazon_prime;action;100;83;https://resizing.flixster.com/OLL67SzGuDwxaneGTi9APsTWaSQ=/206x305/v2/https://resizing.flixster.com/-XZAfHZM39UwaGJIFWKAE8fS0ak=/v3/t/assets/p10412341_b_v8_aa.jpg
Action;amazon_prime;action;100;93;https://resizing.flixster.com/dOH9rwCOfti_L2FgVcqscYAV9g8=/206x305/v2/https://resizing.flixster.com/-XZAfHZM39UwaGJIFWKAE8fS0ak=/v3/t/assets/p184552_b_v8_ab.jpg
Major Lazer;amazon_prime;action;100;NA;https://resizing.flixster.com/e3-rmDVpVa-f-cjwzVy33KhAzuc=/206x305/v2/https://resizing.flixster.com/-XZAfHZM39UwaGJIFWKAE8fS0ak=/v3/t/assets/p11781971_b_v8_aa.jpg
The Case Study of Vanitas;amazon_prime;action;100;NA;https://resizing.flixster.com/i6lmAHGF3NQGCxhHXLsZbAxkY7A=/206x305/v2/https://resizing.flixster.com/-XZAfHZM39UwaGJIFWKAE8fS0ak=/v3/t/assets/p20305218_b_v8_ab.jpg
Extracurricular;netflix;mystery_and_thriller;91;NA;https://resizing.flixster.com/G_nckliK3sg8Ow0rtod6OyCNfQs=/206x305/v2/https://resizing.flixster.com/vlR1nLj0wljjd6ufGCFjekEhN0E=/ems.cHJkLWVtcy1hc3NldHMvdHZzZXJpZXMvUlRUVjcwMjA0Ni53ZWJw
Stranger Things;netflix;mystery_and_thriller;90;92;https://resizing.flixster.com/owMGZJBjDAX9_Wsq4zElf_hQPX8=/206x305/v2/https://resizing.flixster.com/-XZAfHZM39UwaGJIFWKAE8fS0ak=/v3/t/assets/p12991665_b_v13_am.jpg
Alice in Borderland;netflix;mystery_and_thriller;90;85;https://resizing.flixster.com/yjGI9b0Skp_-kzYJ3rP58WMxgAg=/206x305/v2/https://resizing.flixster.com/rWtqHDZMYDwWm0ftq35YQzAwzQw=/ems.cHJkLWVtcy1hc3NldHMvdHZzZXJpZXMvMTY4YjA5N2YtZGJkMS00Njk0LThlNzAtYTc3OWY0NTI0ZWI0LmpwZw==
Glória;netflix;mystery_and_thriller;90;NA;https://resizing.flixster.com/CGF39775mBJR0lGykCuYf-Kfmug=/206x305/v2/https://resizing.flixster.com/-XZAfHZM39UwaGJIFWKAE8fS0ak=/v3/t/assets/p20811714_b_v8_aa.jpg
Green Frontier;netflix;crime;94;100;https://resizing.flixster.com/rNO9Er3WUWu6jAWhcpxuyCJJWWg=/206x305/v2/https://resizing.flixster.com/ZOGeQ9U08RC08mxCI4m7ViEqhPs=/ems.cHJkLWVtcy1hc3NldHMvdHZzZXJpZXMvUlRUVjU0NjMxNy53ZWJw
Longmire;netflix;crime;92;88;https://resizing.flixster.com/qtps7r38cO5W1zWuUryVCkhF5LY=/206x305/v2/https://resizing.flixster.com/-XZAfHZM39UwaGJIFWKAE8fS0ak=/v3/t/assets/p9038828_b_v8_an.jpg
Khakee: The Bihar Chapter;netflix;crime;92;NA;https://resizing.flixster.com/kwW86lJ34yB2Rc0gqAPVZI2M4jE=/206x305/v2/https://resizing.flixster.com/hR95xqI8c-UOcPlnYwJ_Q_7QlgY=/ems.cHJkLWVtcy1hc3NldHMvdHZzZXJpZXMvMDBlY2EwZTctODIyMC00OTkxLThiNDQtYjVkMDMxZmM4MDNmLmpwZw==
The Great Heist;netflix;crime;92;67;https://resizing.flixster.com/PKDB6MEjAjOfKfxPku71F1oBLXo=/206x305/v2/https://resizing.flixster.com/efA-CVfakrFa1vhISNffi_rqgbs=/ems.cHJkLWVtcy1hc3NldHMvdHZzZXJpZXMvUlRUVjczMzk2MS53ZWJw
Killer Ratings;netflix;crime;92;80;https://resizing.flixster.com/Uz2G-5ISqHMykEc7g5-qvaZxwvU=/206x305/v2/https://resizing.flixster.com/-XZAfHZM39UwaGJIFWKAE8fS0ak=/v3/t/assets/p16960390_b_v8_ab.jpg
Angel;amazon_prime;horror;89;87;https://resizing.flixster.com/oFYjgIbYy25SLcoKsDSqWNKwiNc=/206x305/v2/https://resizing.flixster.com/-XZAfHZM39UwaGJIFWKAE8fS0ak=/v3/t/assets/p184543_b_v8_aa.jpg
Being Human;amazon_prime;horror;89;77;https://resizing.flixster.com/FUttU8XnErYYGW2Gg5xlU3BIFNg=/206x305/v2/https://resizing.flixster.com/-XZAfHZM39UwaGJIFWKAE8fS0ak=/v3/t/assets/p8440717_b_v8_ad.jpg
Blood Drive;amazon_prime;horror;88;76;https://resizing.flixster.com/oLaIRfFCRPdKQivfrgPViuPUGHI=/206x305/v2/https://resizing.flixster.com/-XZAfHZM39UwaGJIFWKAE8fS0ak=/v3/t/assets/p14020167_b_v8_ab.jpg
Dead Still;amazon_prime;horror;88;89;https://resizing.flixster.com/dt8frrtRJSZwYnrh01xkhdr7Skk=/206x305/v2/https://resizing.flixster.com/-XZAfHZM39UwaGJIFWKAE8fS0ak=/v3/t/assets/p18219567_b_v8_ab.jpg
The Fades;amazon_prime;horror;88;82;https://resizing.flixster.com/gUXFUgRy_7_GvoccpIqThLLeNoY=/206x305/v2/https://resizing.flixster.com/-XZAfHZM39UwaGJIFWKAE8fS0ak=/v3/t/assets/p8840832_b_v10_ad.jpg
Los vivos y los muertos;amazon_prime;horror;88;83;https://resizing.flixster.com/YMYN125bE4s5ExTfXoFX4VO0N-8=/206x305/v2/https://resizing.flixster.com/-XZAfHZM39UwaGJIFWKAE8fS0ak=/v3/t/assets/p12992402_b_v8_ac.jpg
Avatar: The Last Airbender;amazon_prime;action;98;100;https://resizing.flixster.com/AOVscsV7du8kSRJdohU10cOKKmQ=/206x305/v2/https://resizing.flixster.com/-XZAfHZM39UwaGJIFWKAE8fS0ak=/v3/t/assets/p186109_b_v8_aa.jpg
New Bandits;amazon_prime;action;98;NA;https://resizing.flixster.com/O_kAxKPj7z1KEuDmhGoU_Kx37Dg=/206x305/v2/https://resizing.flixster.com/-XZAfHZM39UwaGJIFWKAE8fS0ak=/v3/t/assets/p25400080_b_v8_ag.jpg
Dr. Stone;amazon_prime;action;98;NA;https://resizing.flixster.com/KuuwtYEEzFOFqCdpEWf5n7q-h7s=/206x305/v2/https://resizing.flixster.com/hihMn7wr9mfD1CJDZco-nir1H_4=/ems.cHJkLWVtcy1hc3NldHMvdHZzZXJpZXMvUlRUVjgwNzM4OC53ZWJw
ThunderCats;amazon_prime;action;98;NA;https://resizing.flixster.com/0x59-H7dIcJt1ahgeSd05hez6XE=/206x305/v2/https://resizing.flixster.com/-XZAfHZM39UwaGJIFWKAE8fS0ak=/v3/t/assets/p513550_b_v8_ab.jpg
Wayne;amazon_prime;action;97;100;https://resizing.flixster.com/NWMGcUoUTgTrkFaT3609eQ79R7M=/206x305/v2/https://resizing.flixster.com/-XZAfHZM39UwaGJIFWKAE8fS0ak=/v3/t/assets/p16784006_b_v8_ac.jpg
Kingdom;amazon_prime;action;97;NA;https://resizing.flixster.com/aSs3vCFtUQvfA_l59BnxEw-3yNM=/206x305/v2/https://resizing.flixster.com/-XZAfHZM39UwaGJIFWKAE8fS0ak=/v3/t/assets/p10847518_b_v8_ap.jpg
Almost Paradise;amazon_prime;action;97;NA;https://resizing.flixster.com/b_5z1W9C-f98vi-OuoTB6eLeU0c=/206x305/v2/https://resizing.flixster.com/-XZAfHZM39UwaGJIFWKAE8fS0ak=/v3/t/assets/p17888150_b_v13_ae.jpg
Ugly Americans;paramount_plus;horror;94;67;https://resizing.flixster.com/nAQYI2udGq-1JwZPI9iQ7pink_E=/206x305/v2/https://resizing.flixster.com/-XZAfHZM39UwaGJIFWKAE8fS0ak=/v3/t/assets/p8007047_b_v8_aa.jpg
Avatar: The Last Airbender;paramount_plus;action;98;100;https://resizing.flixster.com/AOVscsV7du8kSRJdohU10cOKKmQ=/206x305/v2/https://resizing.flixster.com/-XZAfHZM39UwaGJIFWKAE8fS0ak=/v3/t/assets/p186109_b_v8_aa.jpg
The Twilight Zone;paramount_plus;mystery_and_thriller;96;92;https://resizing.flixster.com/eWe2pVSjMymP-cQdHiFNlY0jkX8=/206x305/v2/https://resizing.flixster.com/-XZAfHZM39UwaGJIFWKAE8fS0ak=/v3/t/assets/p183869_b_v8_ac.jpg
Active Shooter: America Under Fire;paramount_plus;crime;96;NA;https://resizing.flixster.com/c4M9UGIlIPP7k95o-NTMYNDnb30=/206x305/v2/https://resizing.flixster.com/AcKkL7pQzwN4XYg__HCUspxBTIs=/ems.cHJkLWVtcy1hc3NldHMvdHZzZXJpZXMvUlRUVjI2MjMwMS53ZWJw
Signal;paramount_plus;crime;94;NA;https://resizing.flixster.com/7oAa0poUzNDoUjC18zKtOEPT41c=/206x305/v2/https://resizing.flixster.com/s2Lgo5eIDrNRKhniFNQyzppSOEQ=/ems.cHJkLWVtcy1hc3NldHMvdHZzZXJpZXMvUlRUVjU3MDM5OC53ZWJw
Outcry;paramount_plus;crime;93;89;https://resizing.flixster.com/ciPapA4ow6Sys9RtOgPQt1IsxUM=/206x305/v2/https://resizing.flixster.com/ULRZqzb5WVlQoZ8WkeGCQL0wPrw=/ems.cHJkLWVtcy1hc3NldHMvdHZzZXJpZXMvUlRUVjY3NTc3OC53ZWJw
Penny Dreadful;paramount_plus;horror;90;91;https://resizing.flixster.com/dJY5jTymcSscAErSOKDGy3r6Si0=/206x305/v2/https://resizing.flixster.com/-XZAfHZM39UwaGJIFWKAE8fS0ak=/v3/t/assets/p9707417_b_v8_ac.jpg
Wolf Pack;paramount_plus;horror;86;44;https://resizing.flixster.com/sBgyU31a4LFWxxMbxHwRcZGbnwI=/206x305/v2/https://resizing.flixster.com/RrL13n9Pb4rNTay1mZKOo70y8s4=/ems.cHJkLWVtcy1hc3NldHMvdHZzZXJpZXMvMWIyYjc2ZTctZmNlZi00ZjI5LTljNTctZmZkYzg4ZTNhZTI2LmpwZw==
SEAL Team;paramount_plus;action;87;NA;https://resizing.flixster.com/kh_IE9EGFDMJbxCKjXP4onVsVrY=/206x305/v2/https://resizing.flixster.com/qlRJTo_xdvMGcuLr6SsvDR-909s=/ems.cHJkLWVtcy1hc3NldHMvdHZzZXJpZXMvODM5MGRkN2YtZTU2NS00ZjMyLWJhMWYtZGM2ZTI2NmE5MjI4LnBuZw==
Rise of the Teenage Mutant Ninja Turtles;paramount_plus;action;86;NA;https://resizing.flixster.com/zFkkwn_XHhPfcL2oMt23e9ithzc=/206x305/v2/https://resizing.flixster.com/-XZAfHZM39UwaGJIFWKAE8fS0ak=/v3/t/assets/p15686643_b_v8_aa.jpg
NCIS;paramount_plus;action;85;NA;https://resizing.flixster.com/qiS4XCItSEzF0qT3HpkOK_67dGc=/206x305/v2/https://resizing.flixster.com/-XZAfHZM39UwaGJIFWKAE8fS0ak=/v3/t/assets/p184930_b_v12_ae.jpg
Signal;paramount_plus;mystery_and_thriller;94;NA;https://resizing.flixster.com/7oAa0poUzNDoUjC18zKtOEPT41c=/206x305/v2/https://resizing.flixster.com/s2Lgo5eIDrNRKhniFNQyzppSOEQ=/ems.cHJkLWVtcy1hc3NldHMvdHZzZXJpZXMvUlRUVjU3MDM5OC53ZWJw
Mayor of Kingstown;paramount_plus;mystery_and_thriller;90;42;https://resizing.flixster.com/sNqVpEy-XR8-uGHIN9CI6QgelT0=/206x305/v2/https://resizing.flixster.com/UyXjBhH6bK6s6zQhjMLuOgs-1nc=/ems.cHJkLWVtcy1hc3NldHMvdHZzZXJpZXMvODcxNWM3MTAtMmY3NC00MDcwLTlkNGYtNWE2NzVhMmI0ZTlkLmpwZw==
Fellow Travelers;paramount_plus;mystery_and_thriller;90;91;https://resizing.flixster.com/4kYtSUugBw0ixxhu0_ZQQllLIoE=/206x305/v2/https://resizing.flixster.com/-XZAfHZM39UwaGJIFWKAE8fS0ak=/v3/t/assets/p25499332_b_v13_aa.jpg
Penny Dreadful;paramount_plus;mystery_and_thriller;90;91;https://resizing.flixster.com/dJY5jTymcSscAErSOKDGy3r6Si0=/206x305/v2/https://resizing.flixster.com/-XZAfHZM39UwaGJIFWKAE8fS0ak=/v3/t/assets/p9707417_b_v8_ac.jpg
The 12th Victim;paramount_plus;crime;93;NA;https://resizing.flixster.com/ks-1ld0AOLm2lCEQC57bTE_yzcQ=/206x305/v2/https://resizing.flixster.com/-XZAfHZM39UwaGJIFWKAE8fS0ak=/v3/t/assets/p23922889_b_v13_aa.jpg
Tulsa King;paramount_plus;crime;91;79;https://resizing.flixster.com/-B_mCaEy7US0K5zvdNyrKwdRTpk=/206x305/v2/https://resizing.flixster.com/rMrwBNWjPrgPkKLFnX1YeGzir58=/ems.cHJkLWVtcy1hc3NldHMvdHZzZXJpZXMvNGZlYmQ3ZmEtOTRmYi00YTU5LWJjYzQtNzE0MWU2ODRmZWYxLmpwZw==
Mayor of Kingstown;paramount_plus;crime;90;42;https://resizing.flixster.com/sNqVpEy-XR8-uGHIN9CI6QgelT0=/206x305/v2/https://resizing.flixster.com/UyXjBhH6bK6s6zQhjMLuOgs-1nc=/ems.cHJkLWVtcy1hc3NldHMvdHZzZXJpZXMvODcxNWM3MTAtMmY3NC00MDcwLTlkNGYtNWE2NzVhMmI0ZTlkLmpwZw==
Escape at Dannemora;paramount_plus;crime;87;88;https://resizing.flixster.com/9aiU0S6801d3KpXmsX6S-5TKtJs=/206x305/v2/https://resizing.flixster.com/-XZAfHZM39UwaGJIFWKAE8fS0ak=/v3/t/assets/p15858915_b_v13_ab.jpg
Catching Lightning;paramount_plus;crime;86;NA;https://resizing.flixster.com/SadsEWkTKwz-xT-1WjWGtiQZN_M=/206x305/v2/https://resizing.flixster.com/-XZAfHZM39UwaGJIFWKAE8fS0ak=/v3/t/assets/p24189925_b_v10_aa.jpg
The Woman in the Wall;paramount_plus;crime;85;74;https://resizing.flixster.com/kE55qvJ1RXFXniC3L9WJVhvN_y8=/206x305/v2/https://resizing.flixster.com/-XZAfHZM39UwaGJIFWKAE8fS0ak=/v3/t/assets/p25448120_b_v13_ac.jpg
So Help Me Todd;paramount_plus;crime;85;56;https://resizing.flixster.com/Y2Fh0eRU72kizRvSw1ST-KJmVlw=/206x305/v2/https://resizing.flixster.com/-XZAfHZM39UwaGJIFWKAE8fS0ak=/v3/t/assets/p22213539_b_v13_af.jpg
Flashpoint;paramount_plus;action;85;NA;https://resizing.flixster.com/fCWggheUBrlo_ebeqfKqJj5Os6Y=/206x305/v2/https://resizing.flixster.com/-XZAfHZM39UwaGJIFWKAE8fS0ak=/v3/t/assets/p186582_b_v10_am.jpg
CSI: Crime Scene Investigation;paramount_plus;action;82;NA;https://resizing.flixster.com/qRo4e6Vr8cRNnn7USUKNqbswptk=/206x305/v2/https://resizing.flixster.com/-XZAfHZM39UwaGJIFWKAE8fS0ak=/v3/t/assets/p184657_b_v13_bx.jpg
Rocket Power;paramount_plus;action;82;NA;https://resizing.flixster.com/Cgpp43IR5h_1PH_mahi39SkS7fM=/206x305/v2/https://resizing.flixster.com/-XZAfHZM39UwaGJIFWKAE8fS0ak=/v3/t/assets/p186126_b_v8_aa.jpg
Special Ops: Lioness;paramount_plus;action;80;56;https://resizing.flixster.com/ydAHcBRZ_s0kUD6aGp9JCrZsSag=/206x305/v2/https://resizing.flixster.com/4F4uAVrxIUR17WghPoOHsj-M148=/ems.cHJkLWVtcy1hc3NldHMvdHZzZXJpZXMvNGIzYzU4ZGMtOWRiNi00ZWE2LTk5MGMtYjUxZWQ1ZDE4YWU0LmpwZw==
Star Trek: Strange New Worlds;paramount_plus;action;79;98;https://resizing.flixster.com/rv7RsWSvFfaiGEV6d0E5U_D-t8k=/206x305/v2/https://resizing.flixster.com/dJw41df5QXSzMMi6mC6FNqqg4Qg=/ems.cHJkLWVtcy1hc3NldHMvdHZzZXJpZXMvYTM1NzUxOGEtNWZjNi00YmQ3LThjNmUtMmQzOTdmMjc2ZTBjLmpwZw==
Are You Afraid of the Dark?;paramount_plus;mystery_and_thriller;89;NA;https://resizing.flixster.com/LAxk9W5PIJxtNeC19QAo6BYXQhM=/206x305/v2/https://resizing.flixster.com/-XZAfHZM39UwaGJIFWKAE8fS0ak=/v3/t/assets/p17381642_b_v13_aa.jpg
The Woman in the Wall;paramount_plus;mystery_and_thriller;85;74;https://resizing.flixster.com/kE55qvJ1RXFXniC3L9WJVhvN_y8=/206x305/v2/https://resizing.flixster.com/-XZAfHZM39UwaGJIFWKAE8fS0ak=/v3/t/assets/p25448120_b_v13_ac.jpg
Criminal Minds;paramount_plus;mystery_and_thriller;85;NA;https://resizing.flixster.com/SbhLb11qKVqhf8DA1OZQ1r2WmQ0=/206x305/v2/https://resizing.flixster.com/EwcS-gge8ekz9Uh3oUUmV8v_oCY=/ems.cHJkLWVtcy1hc3NldHMvdHZzZXJpZXMvOGIxZGZiZDAtZjU3Ni00NmZlLTgwM2ItOTBiODQyYTg4MmJlLmpwZw==
NCIS;paramount_plus;mystery_and_thriller;85;NA;https://resizing.flixster.com/qiS4XCItSEzF0qT3HpkOK_67dGc=/206x305/v2/https://resizing.flixster.com/-XZAfHZM39UwaGJIFWKAE8fS0ak=/v3/t/assets/p184930_b_v12_ae.jpg
Limitless;paramount_plus;mystery_and_thriller;85;58;https://resizing.flixster.com/QxfYOaEJ7ZrUpsYkw4xz7D-IT68=/206x305/v2/https://resizing.flixster.com/-XZAfHZM39UwaGJIFWKAE8fS0ak=/v3/t/assets/p11779145_b_v8_ab.jpg
Criminal Minds;paramount_plus;crime;85;NA;https://resizing.flixster.com/SbhLb11qKVqhf8DA1OZQ1r2WmQ0=/206x305/v2/https://resizing.flixster.com/EwcS-gge8ekz9Uh3oUUmV8v_oCY=/ems.cHJkLWVtcy1hc3NldHMvdHZzZXJpZXMvOGIxZGZiZDAtZjU3Ni00NmZlLTgwM2ItOTBiODQyYTg4MmJlLmpwZw==
NCIS;paramount_plus;crime;85;NA;https://resizing.flixster.com/qiS4XCItSEzF0qT3HpkOK_67dGc=/206x305/v2/https://resizing.flixster.com/-XZAfHZM39UwaGJIFWKAE8fS0ak=/v3/t/assets/p184930_b_v12_ae.jpg
Limitless;paramount_plus;crime;85;58;https://resizing.flixster.com/QxfYOaEJ7ZrUpsYkw4xz7D-IT68=/206x305/v2/https://resizing.flixster.com/-XZAfHZM39UwaGJIFWKAE8fS0ak=/v3/t/assets/p11779145_b_v8_ab.jpg
Flashpoint;paramount_plus;crime;85;NA;https://resizing.flixster.com/fCWggheUBrlo_ebeqfKqJj5Os6Y=/206x305/v2/https://resizing.flixster.com/-XZAfHZM39UwaGJIFWKAE8fS0ak=/v3/t/assets/p186582_b_v10_am.jpg
The Legend of Korra;paramount_plus;action;79;89;https://resizing.flixster.com/uuesNxgBPHvKPiLYY53-q2mHtgY=/206x305/v2/https://resizing.flixster.com/-XZAfHZM39UwaGJIFWKAE8fS0ak=/v3/t/assets/p9157227_b_v8_aw.jpg
NCIS: Hawai'i;paramount_plus;action;79;NA;https://resizing.flixster.com/PQrnYo26_CHnuikqjnYRc27NGKA=/206x305/v2/https://resizing.flixster.com/-XZAfHZM39UwaGJIFWKAE8fS0ak=/v3/t/assets/p20016027_b_v13_ar.jpg
Scorpion;paramount_plus;action;79;61;https://resizing.flixster.com/cfGSTSkTEi3M4srddjIrHMP-zcY=/206x305/v2/https://resizing.flixster.com/AtODwriDthnfUvsBr54DSiQfzYo=/ems.cHJkLWVtcy1hc3NldHMvdHZzZXJpZXMvUlRUVjIxODE3OS53ZWJw
MacGyver;paramount_plus;action;78;NA;https://resizing.flixster.com/C1XQ0CZ-fSwmTfAkv2eLYwn1uKw=/206x305/v2/https://resizing.flixster.com/-XZAfHZM39UwaGJIFWKAE8fS0ak=/v3/t/assets/p183939_b_v8_aa.jpg
CSI: Vegas;paramount_plus;action;77;NA;https://resizing.flixster.com/MSuYHwwFN22EqguGX-1zRGBDcV4=/206x305/v2/https://resizing.flixster.com/-XZAfHZM39UwaGJIFWKAE8fS0ak=/v3/t/assets/p19760113_b_v13_ag.jpg
S.W.A.T.;paramount_plus;action;68;NA;https://resizing.flixster.com/IVw55ZR6h6tZsuOb57mi9UNcfE8=/206x305/v2/https://resizing.flixster.com/-XZAfHZM39UwaGJIFWKAE8fS0ak=/v3/t/assets/p14158903_b_v13_ab.jpg
Survivor;paramount_plus;action;68;NA;https://resizing.flixster.com/iigczuIEDuSd24I03AwhETtbSP8=/206x305/v2/https://resizing.flixster.com/-XZAfHZM39UwaGJIFWKAE8fS0ak=/v3/t/assets/p187348_b_v12_be.jpg
Flashpoint;paramount_plus;mystery_and_thriller;85;NA;https://resizing.flixster.com/fCWggheUBrlo_ebeqfKqJj5Os6Y=/206x305/v2/https://resizing.flixster.com/-XZAfHZM39UwaGJIFWKAE8fS0ak=/v3/t/assets/p186582_b_v10_am.jpg
Twin Peaks: The Return;paramount_plus;mystery_and_thriller;83;94;https://resizing.flixster.com/s_X2MapIOUY5GUZpw-Lhtn6VB_A=/206x305/v2/https://resizing.flixster.com/-XZAfHZM39UwaGJIFWKAE8fS0ak=/v3/t/assets/p13711557_b_v9_ad.jpg
Jericho;paramount_plus;mystery_and_thriller;83;54;https://resizing.flixster.com/frD3e0fh8YXFUlE-KsFyVflHnF8=/206x305/v2/https://resizing.flixster.com/-XZAfHZM39UwaGJIFWKAE8fS0ak=/v3/t/assets/p185224_b_v8_ab.jpg
Are You Afraid of the Dark?;paramount_plus;mystery_and_thriller;83;NA;https://resizing.flixster.com/NymfhIuaWWdGw8tVmTqH-Rt9jwo=/206x305/v2/https://resizing.flixster.com/-XZAfHZM39UwaGJIFWKAE8fS0ak=/v3/t/assets/p184202_b_v8_aa.jpg
CSI: Crime Scene Investigation;paramount_plus;mystery_and_thriller;82;NA;https://resizing.flixster.com/qRo4e6Vr8cRNnn7USUKNqbswptk=/206x305/v2/https://resizing.flixster.com/-XZAfHZM39UwaGJIFWKAE8fS0ak=/v3/t/assets/p184657_b_v13_bx.jpg
Special Ops: Lioness;paramount_plus;mystery_and_thriller;80;56;https://resizing.flixster.com/ydAHcBRZ_s0kUD6aGp9JCrZsSag=/206x305/v2/https://resizing.flixster.com/4F4uAVrxIUR17WghPoOHsj-M148=/ems.cHJkLWVtcy1hc3NldHMvdHZzZXJpZXMvNGIzYzU4ZGMtOWRiNi00ZWE2LTk5MGMtYjUxZWQ1ZDE4YWU0LmpwZw==
Ghosts of Beirut;paramount_plus;mystery_and_thriller;80;57;https://resizing.flixster.com/4ETb92TvQnwFLcmnEYJgzOaKNw8=/206x305/v2/https://resizing.flixster.com/82bi1fDtE4w0yCFKRULkEFk5Phc=/ems.cHJkLWVtcy1hc3NldHMvdHZzZXJpZXMvNGVjMmNkOWUtODRhZi00ZmM3LTg0MzktY2ZmYzY5ZmM4ODEyLmpwZw==
House of Anubis;paramount_plus;mystery_and_thriller;80;NA;https://resizing.flixster.com/I5Rx_hyosdckSn1sW9i470kCyt0=/206x305/v2/https://resizing.flixster.com/-XZAfHZM39UwaGJIFWKAE8fS0ak=/v3/t/assets/p8454979_b_v8_aa.jpg
NCIS: Hawai'i;paramount_plus;mystery_and_thriller;79;NA;https://resizing.flixster.com/PQrnYo26_CHnuikqjnYRc27NGKA=/206x305/v2/https://resizing.flixster.com/-XZAfHZM39UwaGJIFWKAE8fS0ak=/v3/t/assets/p20016027_b_v13_ar.jpg
The Borgias;paramount_plus;crime;84;85;https://resizing.flixster.com/_5k9m6hpAfLFNQ7-uHhzciONNkI=/206x305/v2/https://resizing.flixster.com/-XZAfHZM39UwaGJIFWKAE8fS0ak=/v3/t/assets/p8563478_b_v8_ai.jpg
Twin Peaks: The Return;paramount_plus;crime;83;94;https://resizing.flixster.com/s_X2MapIOUY5GUZpw-Lhtn6VB_A=/206x305/v2/https://resizing.flixster.com/-XZAfHZM39UwaGJIFWKAE8fS0ak=/v3/t/assets/p13711557_b_v9_ad.jpg
Buried;paramount_plus;crime;83;NA;https://resizing.flixster.com/56E7sOprbk-tVinWYKgR0XUGfh4=/206x305/v2/https://resizing.flixster.com/7mcrw_LOkLbEqF1_DhwYbZNHahI=/ems.cHJkLWVtcy1hc3NldHMvdHZzZXJpZXMvMWE3MWQ4ZjYtNTQ0ZS00NmMzLWE5OTktZDkxOTc4MWIzNjYwLmpwZw==
CSI: Crime Scene Investigation;paramount_plus;crime;82;NA;https://resizing.flixster.com/qRo4e6Vr8cRNnn7USUKNqbswptk=/206x305/v2/https://resizing.flixster.com/-XZAfHZM39UwaGJIFWKAE8fS0ak=/v3/t/assets/p184657_b_v13_bx.jpg
Dexter;paramount_plus;crime;81;71;https://resizing.flixster.com/o7ylOzBalC2aVefxEawXQFV3ZMA=/206x305/v2/https://resizing.flixster.com/-XZAfHZM39UwaGJIFWKAE8fS0ak=/v3/t/assets/p185267_b_v8_ac.jpg
LEGO Jurassic World: The Secret Exhibit;paramount_plus;action;67;NA;https://resizing.flixster.com/uNCpYUZWYt505zurf_GnSy1QXDg=/206x305/v2/https://resizing.flixster.com/-XZAfHZM39UwaGJIFWKAE8fS0ak=/v3/t/assets/p16123638_b_v10_aa.jpg
CSI: Miami;paramount_plus;action;66;NA;https://resizing.flixster.com/ln4q37jeHNau4L8--RX1HBTkPuk=/206x305/v2/https://resizing.flixster.com/-XZAfHZM39UwaGJIFWKAE8fS0ak=/v3/t/assets/p184820_b_v8_ah.jpg
FBI;paramount_plus;action;65;NA;https://resizing.flixster.com/QEkINUvusMd4HwEBq8zqIEMQKHs=/206x305/v2/https://resizing.flixster.com/-XZAfHZM39UwaGJIFWKAE8fS0ak=/v3/t/assets/p15528073_b_v13_ar.jpg
NCIS: New Orleans;paramount_plus;action;65;NA;https://resizing.flixster.com/zMDhUb2g_9h7GvOhI003dULnpjI=/206x305/v2/https://resizing.flixster.com/-XZAfHZM39UwaGJIFWKAE8fS0ak=/v3/t/assets/p10779088_b_v12_bd.jpg
Halo;paramount_plus;action;63;82;https://resizing.flixster.com/YWOWgcAWNP-ICoVTOY1hyLHEjw4=/206x305/v2/https://resizing.flixster.com/22GtrEK4nG54y99bNH_hYY0PLWY=/ems.cHJkLWVtcy1hc3NldHMvdHZzZXJpZXMvNGJmNzViYmUtNGZjZS00NDViLTkxNmYtMzFhM2NjNDRkNWMyLmpwZw==
Instinct;paramount_plus;action;59;54;https://resizing.flixster.com/4E09vS3RMzvzwhbQ-nOiKfxzw1c=/206x305/v2/https://resizing.flixster.com/-XZAfHZM39UwaGJIFWKAE8fS0ak=/v3/t/assets/p14159105_b_v13_ad.jpg
NCIS: Sydney;paramount_plus;action;27;73;https://resizing.flixster.com/UEk0gJ8CFVO6mtCUd6uCaOmzx8k=/206x305/v2/https://resizing.flixster.com/-XZAfHZM39UwaGJIFWKAE8fS0ak=/v3/t/assets/p25580378_b_v13_aa.jpg
We Hunt Together;paramount_plus;mystery_and_thriller;79;55;https://resizing.flixster.com/7WzqAAWSz0UYroayMN17Oj0jjJo=/206x305/v2/https://resizing.flixster.com/d5bNjTGZrJ2LfuUNwowSrKD2Mw4=/ems.cHJkLWVtcy1hc3NldHMvdHZzZXJpZXMvUlRUVjczMzUyMC53ZWJw
CSI: Vegas;paramount_plus;mystery_and_thriller;77;NA;https://resizing.flixster.com/MSuYHwwFN22EqguGX-1zRGBDcV4=/206x305/v2/https://resizing.flixster.com/-XZAfHZM39UwaGJIFWKAE8fS0ak=/v3/t/assets/p19760113_b_v13_ag.jpg
Medium;paramount_plus;mystery_and_thriller;75;NA;https://resizing.flixster.com/X0SgWwRko4CZb9M72phpm1CXc-s=/206x305/v2/https://resizing.flixster.com/-XZAfHZM39UwaGJIFWKAE8fS0ak=/v3/t/assets/p185006_b_v8_aa.jpg
Dexter: New Blood;paramount_plus;mystery_and_thriller;74;77;https://resizing.flixster.com/O_5-pd00SLUpSXvPGWHhO2lA52E=/206x305/v2/https://resizing.flixster.com/jVmwH3uY1G6h44orSQJC9xZX3kc=/ems.cHJkLWVtcy1hc3NldHMvdHZzZXJpZXMvNzM1MzMxZjYtNzVhNC00NWY2LWE2ZDEtZjUyNjBjYmYyMmE4LmpwZw==
Fatal Attraction;paramount_plus;mystery_and_thriller;70;37;https://resizing.flixster.com/Dl1lZ1bZxpWvx4gHJkPFVVRVCro=/206x305/v2/https://resizing.flixster.com/QfgeJpdDOtssRMuhpH87bgH_TA4=/ems.cHJkLWVtcy1hc3NldHMvdHZzZXJpZXMvY2EwYjdiYjktMWZiNC00ZWUwLThkMzItNzFiNzk2MjhmMzQ2LmpwZw==
Your Honor;paramount_plus;mystery_and_thriller;68;58;https://resizing.flixster.com/tvLxLrBUcpxdrhf1g4cMM6KboAs=/206x305/v2/https://resizing.flixster.com/5FHWddnuWUhQxWhHbcnnyKE0tvw=/ems.cHJkLWVtcy1hc3NldHMvdHZzZXJpZXMvNzAzMjVmMjEtNzRkZS00YTA3LTg0NWItNTk5M2UwMTg0ZWYyLmpwZw==
CSI: Miami;paramount_plus;mystery_and_thriller;66;NA;https://resizing.flixster.com/ln4q37jeHNau4L8--RX1HBTkPuk=/206x305/v2/https://resizing.flixster.com/-XZAfHZM39UwaGJIFWKAE8fS0ak=/v3/t/assets/p184820_b_v8_ah.jpg
NCIS: New Orleans;paramount_plus;mystery_and_thriller;65;NA;https://resizing.flixster.com/zMDhUb2g_9h7GvOhI003dULnpjI=/206x305/v2/https://resizing.flixster.com/-XZAfHZM39UwaGJIFWKAE8fS0ak=/v3/t/assets/p10779088_b_v12_bd.jpg
Yellowjackets;paramount_plus;mystery_and_thriller;56;96;https://resizing.flixster.com/ZBi-_TbkpOedETSfx1qTM-EZhvI=/206x305/v2/https://resizing.flixster.com/-XZAfHZM39UwaGJIFWKAE8fS0ak=/v3/t/assets/p20745547_b_v13_ad.jpg
Special Ops: Lioness;paramount_plus;crime;80;56;https://resizing.flixster.com/ydAHcBRZ_s0kUD6aGp9JCrZsSag=/206x305/v2/https://resizing.flixster.com/4F4uAVrxIUR17WghPoOHsj-M148=/ems.cHJkLWVtcy1hc3NldHMvdHZzZXJpZXMvNGIzYzU4ZGMtOWRiNi00ZWE2LTk5MGMtYjUxZWQ1ZDE4YWU0LmpwZw==
Blue Bloods;paramount_plus;crime;80;NA;https://resizing.flixster.com/1b0_EtE1JafzLZbA3MMVIgke_eg=/206x305/v2/https://resizing.flixster.com/-XZAfHZM39UwaGJIFWKAE8fS0ak=/v3/t/assets/p8130493_b_v13_ac.jpg
NCIS: Hawai'i;paramount_plus;crime;79;NA;https://resizing.flixster.com/PQrnYo26_CHnuikqjnYRc27NGKA=/206x305/v2/https://resizing.flixster.com/-XZAfHZM39UwaGJIFWKAE8fS0ak=/v3/t/assets/p20016027_b_v13_ar.jpg
We Hunt Together;paramount_plus;crime;79;55;https://resizing.flixster.com/7WzqAAWSz0UYroayMN17Oj0jjJo=/206x305/v2/https://resizing.flixster.com/d5bNjTGZrJ2LfuUNwowSrKD2Mw4=/ems.cHJkLWVtcy1hc3NldHMvdHZzZXJpZXMvUlRUVjczMzUyMC53ZWJw
CSI: Vegas;paramount_plus;crime;77;NA;https://resizing.flixster.com/MSuYHwwFN22EqguGX-1zRGBDcV4=/206x305/v2/https://resizing.flixster.com/-XZAfHZM39UwaGJIFWKAE8fS0ak=/v3/t/assets/p19760113_b_v13_ag.jpg
Medium;paramount_plus;crime;75;NA;https://resizing.flixster.com/X0SgWwRko4CZb9M72phpm1CXc-s=/206x305/v2/https://resizing.flixster.com/-XZAfHZM39UwaGJIFWKAE8fS0ak=/v3/t/assets/p185006_b_v8_aa.jpg
Dexter: New Blood;paramount_plus;crime;74;77;https://resizing.flixster.com/O_5-pd00SLUpSXvPGWHhO2lA52E=/206x305/v2/https://resizing.flixster.com/jVmwH3uY1G6h44orSQJC9xZX3kc=/ems.cHJkLWVtcy1hc3NldHMvdHZzZXJpZXMvNzM1MzMxZjYtNzVhNC00NWY2LWE2ZDEtZjUyNjBjYmYyMmE4LmpwZw==
S.W.A.T.;paramount_plus;crime;68;NA;https://resizing.flixster.com/IVw55ZR6h6tZsuOb57mi9UNcfE8=/206x305/v2/https://resizing.flixster.com/-XZAfHZM39UwaGJIFWKAE8fS0ak=/v3/t/assets/p14158903_b_v13_ab.jpg